kategori,filename,hist_r_0,hist_r_1,hist_r_2,hist_r_3,hist_r_4,hist_r_5,hist_r_6,hist_r_7,hist_r_8,hist_r_9,hist_r_10,hist_r_11,hist_r_12,hist_r_13,hist_r_14,hist_r_15,hist_r_16,hist_r_17,hist_r_18,hist_r_19,hist_r_20,hist_r_21,hist_r_22,hist_r_23,hist_r_24,hist_r_25,hist_r_26,hist_r_27,hist_r_28,hist_r_29,hist_r_30,hist_r_31,hist_g_0,hist_g_1,hist_g_2,hist_g_3,hist_g_4,hist_g_5,hist_g_6,hist_g_7,hist_g_8,hist_g_9,hist_g_10,hist_g_11,hist_g_12,hist_g_13,hist_g_14,hist_g_15,hist_g_16,hist_g_17,hist_g_18,hist_g_19,hist_g_20,hist_g_21,hist_g_22,hist_g_23,hist_g_24,hist_g_25,hist_g_26,hist_g_27,hist_g_28,hist_g_29,hist_g_30,hist_g_31,hist_b_0,hist_b_1,hist_b_2,hist_b_3,hist_b_4,hist_b_5,hist_b_6,hist_b_7,hist_b_8,hist_b_9,hist_b_10,hist_b_11,hist_b_12,hist_b_13,hist_b_14,hist_b_15,hist_b_16,hist_b_17,hist_b_18,hist_b_19,hist_b_20,hist_b_21,hist_b_22,hist_b_23,hist_b_24,hist_b_25,hist_b_26,hist_b_27,hist_b_28,hist_b_29,hist_b_30,hist_b_31
apple,img_01.jpeg,0.08725948,0.034747474,0.006530883,0.005146547,0.0041861236,0.0037887068,0.0043252194,0.003854943,0.004245736,0.0060208645,0.008173538,0.0082463985,0.010981951,0.00947839,0.010359331,0.012916045,0.017175028,0.02425567,0.023288624,0.014353369,0.0072992216,0.0052127833,0.003424408,0.0025633383,0.002192416,0.0019804602,0.0015764199,0.0014638185,0.0017751283,0.0016161617,0.0018612354,0.003033615,0.08646464,0.05316112,0.017254513,0.011207153,0.008729923,0.007968207,0.009339294,0.009650605,0.010604405,0.008756417,0.009975161,0.013704255,0.018526247,0.023871502,0.01869846,0.0072992216,0.0048418613,0.0033581718,0.0022454048,0.001198874,0.0010597782,0.0008345753,0.00066898495,0.00076833914,0.0006093724,0.0006027488,0.0005961252,0.0005696307,0.00047690014,0.0001987084,7.948336e-05,1.3247226e-05,0.14032787,0.026461335,0.012975658,0.010750124,0.014201026,0.011882762,0.011737042,0.011333002,0.012399404,0.015896672,0.022155985,0.015121709,0.0071667493,0.005053817,0.0036827289,0.0026494453,0.0016757741,0.0010928962,0.0010730253,0.00078820996,0.0007352211,0.0006027488,0.00058287795,0.0005298891,0.00054313627,0.000496771,0.00054313627,0.0005166418,0.00029143898,3.974168e-05,2.6494452e-05,0.0
apple,img_21.jpeg,0.0,0.0,3.9804163e-05,0.00025872706,0.0003184333,0.0003117993,0.0001459486,0.00012604652,0.00032506735,0.0011742228,0.0026934152,0.0047167935,0.0119412495,0.024214199,0.03770781,0.040069524,0.019868912,0.012697528,0.010521567,0.008962571,0.0073836725,0.005910918,0.004438164,0.0039737825,0.0030980906,0.0028592658,0.0025740026,0.002885802,0.0037216893,0.004836206,0.0064151045,0.10914302,0.10922926,0.018787565,0.0076755695,0.0046902574,0.0032705755,0.002885802,0.002653611,0.0025275643,0.0024877603,0.0025209303,0.0030052143,0.0031113587,0.002885802,0.0036155449,0.004424896,0.004385092,0.004132999,0.0046769893,0.006806512,0.0074367444,0.0060104285,0.0042325095,0.0030052143,0.0022821054,0.0020565484,0.0023219096,0.0027730234,0.003144529,0.0031776992,0.0024877603,0.0025607345,0.09807082,0.0500073,0.043578926,0.027318925,0.0147209065,0.008670674,0.008073611,0.0077021057,0.006103305,0.005844578,0.0044912365,0.0038145657,0.0035492047,0.0032374053,0.0035425706,0.0034496943,0.0032904774,0.0029521422,0.002401518,0.002673513,0.0027398532,0.0025142964,0.0023219096,0.0022887394,0.0023484456,0.002175961,0.0023683477,0.0027464873,0.0030914566,0.0034297921,0.0028061934,0.0032506734,0.095828526
apple,img_31.jpeg,0.0005497599,0.0019407186,0.004470939,0.005742673,0.005689684,0.006285809,0.0063056797,0.007358834,0.006729591,0.007239609,0.008041066,0.0076105315,0.007835735,0.008915383,0.008842523,0.009902301,0.009617486,0.009928796,0.010909091,0.010564663,0.010048022,0.010034774,0.010014903,0.011034939,0.011995363,0.013008776,0.0134923,0.015300547,0.016916707,0.020407353,0.02031462,0.036284152,0.09438649,0.04388144,0.026355356,0.019970194,0.017883755,0.017155157,0.014777281,0.01332671,0.012207319,0.011392615,0.009425402,0.008253022,0.0069282996,0.006040735,0.004669647,0.0036893527,0.0037887068,0.0031594634,0.0026759398,0.0020731909,0.0020731909,0.0018413644,0.001404206,0.0012054977,0.0011260143,0.00097367115,0.0006093724,0.00058287795,0.00053651264,0.00041728764,0.00028481535,0.00023845007,0.04034443,0.037569135,0.039456863,0.033700943,0.0288922,0.026355356,0.023871502,0.020705415,0.017824143,0.014419606,0.011882762,0.009445272,0.007074019,0.00520616,0.0040006624,0.003477397,0.0026295744,0.0017552575,0.0011790032,0.00092730584,0.0006027488,0.00047690014,0.00037092232,0.00034442788,0.0002450737,0.00023845007,0.00012584864,0.00013247227,6.6236134e-05,1.3247226e-05,0.0,0.0
apple,img_71.jpeg,0.0,0.0,0.0,0.0,0.0,0.0,6.584362e-06,4.6090536e-05,0.00013168724,0.00031604938,0.00063868315,0.0010666667,0.0011720165,0.0009942387,0.0012773663,0.0027588478,0.008842798,0.009929218,0.011186832,0.011463375,0.010758848,0.011601646,0.014874074,0.0131292185,0.0070650205,0.005596708,0.008052675,0.007762963,0.0060312757,0.0037201645,0.004418107,0.19049218,0.0,0.0,0.0,0.0,0.0,1.9753086e-05,0.0,0.0,2.6337448e-05,1.9753086e-05,6.584362e-05,0.00010534979,0.00019753087,0.0002765432,0.00048065843,0.00075720163,0.0007967078,0.0011851852,0.0013432099,0.0016263374,0.005438683,0.0125958845,0.017520988,0.015973663,0.014874074,0.018528394,0.012266667,0.008072428,0.008335803,0.012082305,0.008223868,0.19252017,1.9753086e-05,0.00021069958,0.0041942387,0.011687242,0.008368724,0.008348972,0.007262551,0.007433745,0.008118519,0.007163786,0.006558025,0.00774321,0.009073251,0.006906996,0.005497942,0.0046683126,0.0038320988,0.0033711933,0.00397037,0.003779424,0.0028971194,0.0027390947,0.0025152264,0.0021596707,0.002087243,0.002712757,0.002034568,0.001580247,0.0018304527,0.0029037036,0.0057679014,0.18589629
apple,img_81.jpeg,0.0,0.0,0.0,0.0,8.591065e-05,9.251916e-05,0.00014538725,0.0003832937,0.0012688342,0.0022138515,0.0036875496,0.0063772136,0.007916997,0.0072032777,0.0047845626,0.004903516,0.005088554,0.0060335714,0.0059873117,0.0064366907,0.0061789583,0.0063441712,0.0069257203,0.007850912,0.0076526566,0.00519429,0.00444092,0.004599524,0.004321967,0.0045929155,0.009648427,0.20297383,0.008379593,0.0055379327,0.0048242137,0.006601903,0.009489823,0.010005287,0.009430346,0.007765001,0.0061393073,0.0051612477,0.004209622,0.0039981497,0.0033306899,0.003277822,0.003370341,0.0037866773,0.003588422,0.0035223367,0.003667724,0.0033505154,0.002802009,0.0024451495,0.0021742003,0.0018834259,0.0018173407,0.0020023792,0.0028879195,0.0034298175,0.00759318,0.019369548,0.017783506,0.1597079,0.003423209,0.0038791965,0.0058022733,0.006509384,0.00763944,0.009833465,0.012384351,0.011796193,0.009978853,0.007500661,0.0060071372,0.004903516,0.0043417923,0.0042030136,0.0038131112,0.0032712133,0.0029143537,0.0023195876,0.0024980174,0.0023328047,0.002246894,0.0020816813,0.0019164684,0.0018834259,0.0027557495,0.004315358,0.007837695,0.011611155,0.011287338,0.009807032,0.004288924,0.15795004
avocado,img_101.jpeg,0.0026337449,0.0036148147,0.0026271604,0.0023111112,0.0029037036,0.0028444445,0.0034962962,0.004872428,0.0032263375,0.0027193415,0.0030024692,0.0032395062,0.0037925926,0.004365432,0.00567572,0.0068279835,0.0064460905,0.007835391,0.0094419755,0.009415638,0.011022222,0.011614814,0.011614814,0.010284774,0.0043390947,0.0034106995,0.0014090535,0.0002567901,0.00021728394,0.0004016461,0.0019160494,0.18555391,0.0026205762,0.005293827,0.004490535,0.0033711933,0.0041876542,0.003799177,0.002765432,0.002890535,0.0027061729,0.0033119342,0.004115226,0.0049053496,0.0074469135,0.0076510287,0.008783539,0.01073251,0.0126683125,0.013813992,0.013372839,0.011706996,0.0065382714,0.0036148147,0.0027917696,0.0010271604,0.00021069958,0.00014485596,0.00023045267,0.00018436214,0.00021728394,0.0005004115,0.0024888888,0.18475062,0.013807408,0.014373663,0.022195885,0.022689711,0.017270781,0.009869959,0.0059917695,0.005142387,0.0038123457,0.0034831276,0.003160494,0.0040954733,0.004582716,0.0041876542,0.0027917696,0.0026074075,0.003272428,0.0006057613,0.00019753087,0.00010534979,0.00017777778,0.0002436214,0.00016460905,0.00017777778,0.00018436214,0.00011851852,0.00021069958,0.00032263374,0.0004872428,0.0016263374,0.0044641974,0.18091193
avocado,img_111.jpeg,0.0064433077,0.008434031,0.011758539,0.010404847,0.009071062,0.011294036,0.011420116,0.010617191,0.010623827,0.012362392,0.012800351,0.016967598,0.022773873,0.024598703,0.023862137,0.021187931,0.017684259,0.012714086,0.009090969,0.00673528,0.005501032,0.005600568,0.0061845137,0.0070073456,0.0066025653,0.007976164,0.0072196894,0.006151335,0.005109523,0.0034373153,0.0014930425,0.00020570807,0.003317872,0.007651013,0.009316585,0.008175237,0.011108235,0.012680907,0.011851439,0.012289398,0.013244946,0.015779799,0.021871412,0.022408908,0.021864777,0.021685611,0.018938413,0.01382889,0.009223685,0.007292683,0.006277414,0.005892541,0.0061845137,0.0067286445,0.0075249337,0.009177234,0.014897246,0.013059145,0.007239597,0.0057133758,0.0031851572,0.0021897955,0.002335782,0.00039814465,0.024983577,0.016237665,0.0129065225,0.012262855,0.014850795,0.014638452,0.014100956,0.016416831,0.018473912,0.023663063,0.02960869,0.029197274,0.025474621,0.021373732,0.01551437,0.010252224,0.007239597,0.004651657,0.002879913,0.0023955037,0.0021433453,0.0021897955,0.002123438,0.0021765241,0.002203067,0.0023689605,0.0015859428,0.00089582545,0.00041805187,0.00010617191,0.0,0.0
avocado,img_51.jpeg,6.634027e-06,0.00045774787,0.0016916769,0.0029057038,0.0045509427,0.005605753,0.004577479,0.0032639415,0.0026270747,0.002653611,0.0026403428,0.0026403428,0.0029985802,0.003363452,0.0035691066,0.0036155449,0.003622179,0.0038610038,0.005844578,0.0050086905,0.004829572,0.0047764997,0.005154639,0.005333758,0.0062625217,0.008066977,0.020213882,0.09867452,0.08084226,0.0213483,0.0114569655,0.00086905755,2.6536109e-05,0.0005771604,0.0016187027,0.0031047247,0.005015325,0.0067401715,0.004922448,0.003396622,0.0027929256,0.0025872707,0.0025010284,0.002673513,0.0028526317,0.0027398532,0.0030184824,0.0035956427,0.006255888,0.004895912,0.0037216893,0.0039339783,0.003642081,0.004411628,0.004132999,0.0046902574,0.005804774,0.008358874,0.024897505,0.11255954,0.08273959,0.01299606,0.0021029867,2.6536109e-05,0.00086242356,0.0021560588,0.0038079317,0.004471334,0.006103305,0.0080006365,0.007576059,0.0065212487,0.006043599,0.0057450677,0.005128103,0.004829572,0.0044514323,0.004590747,0.005884382,0.0059639905,0.004630551,0.0047831335,0.004829572,0.0050086905,0.006103305,0.00790776,0.010216402,0.008975839,0.009499927,0.0047234274,0.0057981396,0.036858656,0.13088273,0.01006382,0.00084252143,7.29743e-05
avocado,img_61.jpeg,0.0015161446,0.002562218,0.0028535298,0.0034891188,0.0034824982,0.0035420847,0.0040386384,0.005011884,0.006190372,0.0066273394,0.0058262325,0.005409127,0.0051840227,0.0047073313,0.0039856727,0.00331698,0.0032110487,0.003177945,0.002661529,0.0025291147,0.003058772,0.0034229117,0.0041975356,0.005137678,0.0066273394,0.0061043026,0.0066074776,0.0070047206,0.008765832,0.009924457,0.0137048885,0.17945458,0.0032242902,0.003555326,0.0041114665,0.0042041563,0.004574917,0.0049787806,0.0056938184,0.0058990605,0.0056673354,0.0053296788,0.004899332,0.0048331246,0.004137949,0.003813534,0.0032176694,0.00303891,0.0033103595,0.00303891,0.0024893903,0.0027608399,0.003158083,0.0037076026,0.0037340855,0.004402778,0.005766646,0.006038096,0.007156997,0.009070385,0.011268464,0.013923372,0.010930807,0.17139716,0.008772452,0.006554512,0.0067332713,0.007514516,0.0074946536,0.007070928,0.006435339,0.006044716,0.0064419596,0.0063757524,0.0068656853,0.0062168553,0.0055283,0.0064684423,0.006991479,0.0069120303,0.0063294074,0.005561404,0.0054554725,0.004641124,0.004376295,0.004687469,0.0030124271,0.002403321,0.0024761488,0.0020987678,0.0022046994,0.0022245615,0.0029528406,0.00423726,0.0062168553,0.16603439
avocado,img_81.jpeg,0.011081304,0.017519457,0.017466469,0.016135123,0.015658222,0.014889883,0.016234476,0.016890213,0.017718166,0.015373406,0.014300381,0.012916045,0.011260143,0.009200199,0.008557708,0.007908594,0.0063454215,0.0053717503,0.0045437985,0.003523762,0.003523762,0.0033647956,0.003457526,0.003974168,0.005457857,0.0053849975,0.0062791854,0.00670972,0.007047524,0.008895513,0.012856433,0.023487333,0.024374897,0.020665674,0.018883921,0.016718,0.016943203,0.017433349,0.017784402,0.016665012,0.014817023,0.013141248,0.012233813,0.01096208,0.009160457,0.00867031,0.007617155,0.0064646467,0.005014075,0.0043583373,0.003523762,0.00260308,0.0027289286,0.0029740024,0.0033647956,0.004669647,0.0069415467,0.006915052,0.0076237787,0.009359165,0.011551581,0.013843352,0.009822818,0.0055042226,0.05704918,0.028733235,0.024739195,0.02223547,0.020963736,0.019771485,0.017386984,0.015274052,0.014452724,0.013227356,0.012962411,0.011849644,0.010697136,0.009842689,0.008888889,0.008166915,0.006193078,0.004927968,0.0035899982,0.0026428218,0.0020135783,0.0017949991,0.0016029144,0.0014571949,0.0014373241,0.0020135783,0.0021526744,0.0024772314,0.0024043715,0.0010597782,0.0006557377,0.00066898495
mango,img_11.jpeg,0.000119225035,0.0006954794,0.0020135783,0.0032058288,0.0061533367,0.009743335,0.012074847,0.012776949,0.015247557,0.016386818,0.01604239,0.015075344,0.016651763,0.0163537,0.017658552,0.017936744,0.016618645,0.014730915,0.014154661,0.01387647,0.013293591,0.012843186,0.012372909,0.010703759,0.008882266,0.00790197,0.006597119,0.005663189,0.0046828943,0.004126511,0.0040271566,0.004722636,7.948336e-05,0.00028481535,0.0014240769,0.0035701275,0.006113595,0.010061269,0.013002153,0.015499255,0.018175194,0.021983773,0.019639013,0.017903626,0.016963074,0.016857095,0.016823977,0.016340453,0.016539162,0.015731081,0.015154827,0.015572115,0.014916377,0.014022189,0.011021692,0.00874317,0.00670972,0.005596953,0.004232489,0.0035502566,0.003252194,0.0021791686,0.0009802948,0.000410664,0.09651929,0.043861568,0.029554563,0.022295082,0.018228183,0.015770823,0.013770492,0.013479053,0.01189601,0.010796489,0.009584368,0.00845173,0.006477894,0.0052194074,0.0040933928,0.003821825,0.003219076,0.0028150356,0.0024441134,0.0019208478,0.0022056631,0.0021460506,0.0015830436,0.0011657559,0.000907435,0.0004504057,0.0002980626,0.00021857924,5.9612517e-05,3.974168e-05,3.3118067e-05,6.623613e-06
mango,img_31.jpeg,0.0,0.0,0.0,0.0,0.0,0.0,6.6203243e-06,1.32406485e-05,2.6481297e-05,6.6203243e-06,2.6481297e-05,0.00014564714,0.0003773585,0.0005494869,0.0009533267,0.0013108242,0.0019265144,0.0017676266,0.0012711022,0.00142999,0.0011519365,0.0011916584,0.001059252,0.0011651771,0.0011519365,0.001284343,0.0014233697,0.0020523006,0.010327706,0.018722277,0.02468719,0.25930485,0.0,0.0,0.0,0.0,0.0,0.0,6.6203243e-06,1.32406485e-05,1.9860972e-05,6.6203243e-06,6.6203243e-06,5.2962594e-05,0.00013902682,0.00020523006,0.00044356173,0.0005428666,0.0006289308,0.00101953,0.0014035088,0.0021582257,0.008613042,0.014948692,0.011929825,0.014836147,0.013399537,0.01020192,0.0060973186,0.0031777557,0.001754386,0.0014366104,0.0031049321,0.23718636,0.0,0.0,1.9860972e-05,1.32406485e-05,0.00025819265,0.0036809004,0.0077192984,0.015822574,0.014955313,0.009546508,0.009215492,0.0070307846,0.0051770937,0.003714002,0.00285998,0.002105263,0.0015160543,0.0014763323,0.001185038,0.000979808,0.00067527307,0.0007282357,0.0006421715,0.0006554121,0.00068851374,0.0007282357,0.0008606422,0.0011386957,0.0013306852,0.0021780867,0.004793115,0.23163854
mango,img_41.jpeg,0.0013909588,0.007670144,0.009908926,0.012916045,0.014790528,0.015293923,0.015459513,0.017784402,0.01690346,0.016929956,0.0153204175,0.015433019,0.009842689,0.0069084284,0.0059148865,0.0057294252,0.006318927,0.008557708,0.008226528,0.0076966383,0.006981288,0.0056234477,0.0042059943,0.00386819,0.0038284485,0.0036496108,0.0040271566,0.0044113263,0.005895016,0.009432025,0.010187117,0.05222719,0.016400067,0.013439311,0.015280675,0.018513,0.019261466,0.021175692,0.020155655,0.020069549,0.018903792,0.018373903,0.013856599,0.012651101,0.009133963,0.008021195,0.0067892037,0.0051796655,0.004696142,0.004861732,0.005782414,0.005159795,0.005948005,0.007795993,0.010975327,0.010664017,0.012829939,0.010524921,0.009206822,0.004504057,0.0019208478,0.000821328,0.00031130982,0.00012584864,0.09849975,0.035780758,0.0331843,0.030554727,0.02524259,0.02152012,0.018049346,0.016512668,0.012988905,0.010372578,0.008604074,0.0062063257,0.0044245734,0.0031793343,0.002669316,0.0015565491,0.0010531545,0.0008014572,0.00048352376,0.0004901474,0.00043053486,0.0002583209,8.610697e-05,5.2988904e-05,7.948336e-05,3.3118067e-05,5.2988904e-05,5.9612517e-05,6.6236134e-05,3.974168e-05,0.0,0.0
mango,img_51.jpeg,0.012126866,0.0055573196,0.004399545,0.004333386,0.004571557,0.0051074415,0.005405155,0.005458082,0.0055573196,0.0055705514,0.0052993014,0.006285064,0.00768101,0.008514608,0.008613845,0.008779242,0.010287657,0.010975706,0.010638298,0.011418969,0.011101408,0.010201652,0.00833598,0.008309516,0.008316132,0.008706467,0.011213877,0.015223087,0.019106595,0.020092357,0.016506562,0.049638774,0.004015825,0.0035924104,0.0032616174,0.0030168307,0.0028778978,0.0029374405,0.002864666,0.0029903674,0.0033939346,0.004267228,0.004538478,0.0048692706,0.0052000633,0.005484545,0.005742564,0.0057954905,0.0065430827,0.00748915,0.008911559,0.009712078,0.009559914,0.010638298,0.012682598,0.016314704,0.019324917,0.023215042,0.027039006,0.02883852,0.027760135,0.026966233,0.01684397,0.016645497,0.07400498,0.025140256,0.015924368,0.012537049,0.011061713,0.009963481,0.009778236,0.009559914,0.00950037,0.008752779,0.009235736,0.008064729,0.008349211,0.008382291,0.0079853395,0.00694665,0.005729332,0.0054779295,0.0036122578,0.0030234465,0.0034997882,0.004161374,0.005484545,0.00702604,0.008388907,0.009480523,0.009301894,0.008858632,0.0070061926,0.0038305812,0.0027588124,0.010505981
mango,img_61.jpeg,0.0013227513,0.0076256613,0.011732805,0.011395503,0.01244709,0.012460317,0.01058201,0.009510582,0.0087830685,0.008002645,0.007420635,0.00718254,0.006706349,0.0062037036,0.0059457673,0.0056878305,0.005813492,0.0068584657,0.007751323,0.010350529,0.011415344,0.01191799,0.011600529,0.011865079,0.012010582,0.011812169,0.01281746,0.014570106,0.016058201,0.018763227,0.01837963,0.018339947,0.038194444,0.034609787,0.016805556,0.013888889,0.00952381,0.007923281,0.007367725,0.0076256613,0.007890211,0.010350529,0.01119709,0.011990741,0.011554233,0.010178572,0.009232804,0.008564815,0.008637566,0.008293651,0.008637566,0.008287037,0.009398148,0.00962963,0.011117725,0.012559524,0.013492064,0.013048942,0.007771164,0.0041534393,0.0011904762,0.00020502646,1.3227514e-05,0.0,0.15080026,0.055343915,0.023683863,0.014702381,0.011812169,0.010257936,0.009464285,0.008842592,0.00912037,0.008611111,0.0068650795,0.005542328,0.004761905,0.00375,0.0031415343,0.0023412697,0.0016203703,0.0012698412,0.0009259259,0.00034391534,9.920635e-05,1.9841269e-05,1.3227514e-05,0.0,0.0,0.0,0.0,0.0,0.0,0.0,0.0,0.0
orange,img_751.jpeg,0.0,0.0,0.0,0.0,0.0,1.3168724e-05,1.3168724e-05,7.9012345e-05,0.0006057613,0.0010864198,0.00086255145,0.00052674895,0.0003489712,0.00020411523,0.00026337447,0.0002436214,0.00021069958,0.00017119342,0.00017119342,9.218107e-05,0.00021069958,0.00016460905,0.00018436214,0.00022386831,0.00028312756,0.0003292181,0.00047407407,0.0010337449,0.0026074075,0.008283128,0.02409218,0.29055473,0.0,0.0,6.584362e-06,6.584362e-06,0.00017777778,0.00035555556,0.0005596708,0.00061893003,0.00040823047,0.0006123457,0.0006518519,0.0010139918,0.001527572,0.002436214,0.003147325,0.0054057613,0.012121811,0.019423869,0.014479012,0.011522634,0.009046913,0.007874897,0.005965432,0.004925103,0.0039901235,0.0031670781,0.0024757201,0.0018567902,0.0013234568,0.0010534979,0.002074074,0.21510452,0.020457612,0.014637037,0.010969548,0.009863375,0.00846749,0.0069465023,0.0050238683,0.004602469,0.0041942387,0.0035687243,0.003509465,0.002962963,0.0024230452,0.002403292,0.0021662551,0.0018304527,0.001889712,0.0017316872,0.0016197531,0.0012049383,0.0010205761,0.0010139918,0.0008888889,0.00082962966,0.000599177,0.0004674897,0.0005728395,0.00063868315,0.0006781893,0.0010205761,0.0028312758,0.21229959
orange,img_771.jpeg,0.0,0.0,0.0,0.0,0.0,0.0,0.0,0.0,0.0,0.0,0.0,0.0,0.0,0.0,0.0,0.0,0.0,0.0,0.0,0.0,0.0,0.0,0.0,0.0,0.0,0.0,0.0,0.0,0.0,0.0,0.0016263374,0.331707,0.0,0.0,0.0,0.0,0.0,0.0,0.0,0.0,0.0,0.0,0.0,0.0,0.0,0.0,0.0,0.0,0.00022386831,0.017395886,0.0010864198,0.014939917,0.01651358,0.015993416,0.01011358,0.001382716,0.00094814814,0.0012839506,0.00036213992,0.0012444444,0.0015209876,0.00042798353,0.014340741,0.23555556,0.06540247,0.008915226,0.0006057613,0.0003292181,0.000111934154,0.00033580247,0.00022386831,0.00075720163,0.00014485596,0.00023703703,0.0004674897,0.00032263374,0.00028971193,0.000599177,0.00026995884,0.00017777778,0.0005201646,0.0001382716,0.0005596708,0.00040823047,0.00057942385,0.00039506174,2.6337448e-05,0.0007440329,0.00021069958,0.00090864196,0.0004872428,0.0015604938,0.014518519,0.0037662552,0.00023703703,0.22908312
orange,img_791.jpeg,0.028450435,0.011100507,0.008714727,0.0070910705,0.0063687093,0.0055999574,0.0047317985,0.004738426,0.0046920353,0.0047649345,0.0044998475,0.0047317985,0.005427651,0.004917359,0.0051691914,0.0047649345,0.0044534574,0.0035389082,0.0033533473,0.0028894455,0.0029225815,0.0032870758,0.0037509776,0.004062454,0.005076411,0.00550055,0.0063024373,0.0077471603,0.009841345,0.013174811,0.023466805,0.11820218,0.02458017,0.0070910705,0.005626466,0.0053613796,0.0059909606,0.007110952,0.007038053,0.0077206516,0.008920169,0.009755192,0.009158747,0.010020279,0.011339086,0.012127719,0.012836826,0.012359669,0.010769149,0.01139873,0.011551155,0.012087956,0.013194693,0.0155605925,0.017376436,0.016786618,0.018907312,0.018986838,0.014612907,0.009927499,0.0035985527,0.00094768516,0.0004837833,0.0001060347,0.06282556,0.032314073,0.029186051,0.026561692,0.025249513,0.02237995,0.019503757,0.01652816,0.014447228,0.012498841,0.011491511,0.010550452,0.009702175,0.00821769,0.0072567496,0.0064283535,0.0050962926,0.003770859,0.002869564,0.0020146593,0.00110011,0.0007223614,0.000470529,0.0002915954,0.00031147694,0.00023857807,0.00028496826,0.00024520524,0.00021869657,0.00024520524,0.00019881506,0.000112661866
orange,img_81.jpeg,1.9860972e-05,0.00012578616,0.0004634227,0.0016285998,0.0026348892,0.0030321085,0.0048262165,0.0062164846,0.007017544,0.0060311155,0.0050711683,0.00407812,0.003124793,0.0025885468,0.0023568354,0.0021118834,0.0022773915,0.0022111884,0.0023171136,0.0026812314,0.0030122476,0.0032307182,0.0038000662,0.004144323,0.0052565373,0.0071565704,0.008924197,0.01081099,0.01428004,0.020039722,0.039867595,0.15199603,0.0051969546,0.004673949,0.004389275,0.0046673287,0.004329692,0.0050711683,0.0059913937,0.0066269445,0.007653095,0.008725587,0.011943066,0.01429328,0.016961271,0.016974512,0.015590864,0.016027804,0.01676266,0.01979477,0.017729228,0.017047334,0.018874545,0.021900034,0.017894737,0.012711023,0.007904667,0.00489904,0.0033498842,0.0021317445,0.0018934128,0.0013571664,0.001714664,0.018252235,0.14854021,0.058450844,0.028824892,0.01835816,0.0123204235,0.008639524,0.006613704,0.0049255216,0.0035815956,0.0026481298,0.0020523006,0.0020059582,0.0016815624,0.0012711022,0.0016153591,0.00122476,0.0012313804,0.0009665674,0.0010393909,0.001059252,0.0015491559,0.0013704072,0.00087388285,0.0007083747,0.00036411785,0.00045018207,0.0003574975,0.00030453491,0.0004104601,0.00090698444,0.00285998,0.01612711
orange,img_91.jpeg,5.948958e-05,6.6099536e-05,0.00030405784,0.00071387494,0.0013286006,0.0018640069,0.002564662,0.0031926073,0.0030273586,0.0024721224,0.0019102765,0.001850787,0.0010840324,0.00075353467,0.00040320714,0.00023795832,0.00022473841,0.000112369205,0.00014541898,0.00013219907,0.00015202892,0.00017185879,0.00017185879,0.00023134837,0.00040320714,0.0002974479,0.00040320714,0.0008725138,0.001692148,0.0039064824,0.0141188605,0.28846496,0.0,1.982986e-05,3.965972e-05,3.965972e-05,1.3219907e-05,3.3049768e-05,7.931944e-05,9.253935e-05,0.0002974479,0.00057506596,0.0012691111,0.0019234964,0.0027695703,0.0035164952,0.005202033,0.006761982,0.007541957,0.010873373,0.020590004,0.019552242,0.012466372,0.0074163675,0.0057109995,0.0032653168,0.001830957,0.0013286006,0.0012096214,0.0010575926,0.0010245427,0.00095183327,0.0024919524,0.21338913,0.04118662,0.01559949,0.010285087,0.00853345,0.0071519692,0.0058299787,0.0044683283,0.003661914,0.002961259,0.002392803,0.0020953552,0.0016524884,0.001282331,0.0011369119,0.00083285413,0.0008592939,0.0008064143,0.0006411655,0.00063455553,0.0006609953,0.0005948958,0.00058828585,0.0005420162,0.0005948958,0.0006081157,0.00057506596,0.0006940451,0.0010509826,0.0012096214,0.0023267036,0.003952752,0.2079227
watermelon,img_11.jpeg,0.0,9.259259e-05,0.00029761906,0.00050925923,0.0008399471,0.00062169315,0.0011574074,0.0010912699,0.0011838624,0.00255291,0.0047089946,0.004093915,0.0046759257,0.0042328043,0.0034391535,0.0033068783,0.0031150794,0.0030820107,0.0035119047,0.004695767,0.0058267196,0.009986772,0.01906746,0.020099206,0.032989416,0.019021165,0.030806879,0.054728836,0.06341931,0.027804233,0.0017923281,0.0005820106,0.0032010581,0.0024801588,0.0028968253,0.0032010581,0.0032870371,0.0037830689,0.004100529,0.004047619,0.006137566,0.00880291,0.007718254,0.006058201,0.005873016,0.0054761907,0.0047949734,0.0038756614,0.0041203704,0.004325397,0.0044708997,0.0042791003,0.0053902115,0.0122089945,0.018743386,0.0207209,0.027731482,0.018406084,0.023055555,0.03190476,0.05868386,0.02306217,0.000489418,6.613757e-06,0.0020502645,0.0029695767,0.0054166666,0.0059854495,0.0060449736,0.0065674605,0.006845238,0.0060251323,0.008273809,0.008835979,0.006904762,0.005509259,0.004808201,0.003888889,0.003181217,0.0030753969,0.0033267196,0.0038492063,0.004616402,0.006335979,0.010555555,0.02082672,0.01781746,0.028743386,0.015919313,0.013664021,0.023948412,0.042453703,0.042724866,0.011944445,0.00022486772,0.0
watermelon,img_111.jpeg,3.9682538e-05,0.00017195767,0.00025132275,0.00066137564,0.0007142857,0.0009986772,0.0017195768,0.004206349,0.010687831,0.011395503,0.0012698412,0.001276455,0.0018187831,0.001957672,0.0022486772,0.0024537037,0.006216931,0.18642196,0.009497355,0.0025330689,0.0025992063,0.0035714286,0.005363757,0.008531746,0.012089947,0.015403439,0.015892858,0.011210318,0.006712963,0.0033002645,0.0011507936,0.00096560846,0.005244709,0.00380291,0.0042592594,0.004404762,0.004722222,0.005165344,0.0065873014,0.007837302,0.009603174,0.0125529105,0.01869709,0.010112434,0.004781746,0.0037433861,0.0030820107,0.0022619048,0.0020833334,0.0018783069,0.002440476,0.007943122,0.18621032,0.0066798944,0.0015873016,0.0024272487,0.004808201,0.0066865077,0.0031944443,0.00044312168,9.259259e-05,0.0,0.0,0.0,0.0081216935,0.004054233,0.0050066137,0.005998677,0.007222222,0.008201058,0.009391534,0.011183863,0.017665343,0.017559525,0.0058994708,0.004160053,0.0030092592,0.0026190476,0.0024669312,0.0029497354,0.004953704,0.17982143,0.018353175,0.003148148,0.003207672,0.003207672,0.0031150794,0.0014748677,0.0004563492,8.5978834e-05,0.0,0.0,0.0,0.0,0.0,0.0
watermelon,img_21.jpeg,0.040744033,0.007598354,0.0041942387,0.0033909464,0.0028839507,0.0023111112,0.0022123456,0.0018567902,0.0015934156,0.0014946503,0.0015209876,0.0017316872,0.0018502057,0.0014880658,0.0016987654,0.00196214,0.0017580247,0.0020477367,0.0022847736,0.0021069958,0.0022584363,0.0022386832,0.0022584363,0.0018567902,0.0018436214,0.0021596707,0.0026074075,0.0031012346,0.0042995885,0.006544856,0.011983539,0.20545185,0.0090666665,0.015413992,0.011041976,0.00913251,0.0072691357,0.0040493826,0.0038584361,0.003799177,0.0046288064,0.004352263,0.0041086418,0.0037860083,0.0034502058,0.0039374484,0.004832922,0.0042666667,0.0042864196,0.003871605,0.0033514404,0.0031209877,0.0028576131,0.0030288065,0.0026337449,0.002982716,0.0026864198,0.002455967,0.0025547326,0.002653498,0.0032131688,0.0043720165,0.0070781894,0.18519177,0.046722632,0.0048131687,0.0036213992,0.0029366256,0.002890535,0.0031539095,0.0035226338,0.0033382715,0.0032263375,0.0033514404,0.0035226338,0.0032790124,0.0036148147,0.0038057612,0.0044773663,0.0049909465,0.0047868313,0.004865844,0.0040823044,0.0035621398,0.0029958847,0.002653498,0.0023901234,0.0018041153,0.0015539095,0.0017382716,0.0019226337,0.0024954733,0.003055144,0.004418107,0.008948148,0.18079342
watermelon,img_81.jpeg,0.0006123457,0.0006781893,0.00095473253,0.0012773663,0.0014683128,0.0015209876,0.0015407407,0.0019753086,0.0024625515,0.0036806585,0.006288066,0.00923786,0.011548971,0.012839506,0.012615638,0.011535803,0.016441151,0.01367572,0.008368724,0.008197531,0.00851358,0.007822222,0.007749794,0.0077893003,0.008487243,0.009277366,0.010719341,0.013280658,0.014241976,0.014696296,0.029069958,0.07476543,0.0035226338,0.0022123456,0.0025020577,0.0028707818,0.0034304527,0.0041547325,0.0039506173,0.004457613,0.0037530863,0.0033843622,0.0034962962,0.0043588476,0.0056954734,0.0076510287,0.010495474,0.011950618,0.012411523,0.011127572,0.011687242,0.013333334,0.015413992,0.02401317,0.013412346,0.009981893,0.009283951,0.010238683,0.012115226,0.017093005,0.013425514,0.012029629,0.026877366,0.043002468,0.007183539,0.0033843622,0.004655144,0.0069925925,0.012029629,0.017020576,0.021339918,0.027081482,0.036773663,0.02187325,0.012865843,0.009303704,0.007130864,0.0057547325,0.0046222224,0.004161317,0.004470782,0.006090535,0.006380247,0.004674897,0.004003292,0.0042600823,0.004115226,0.003851852,0.0040493826,0.004793416,0.006235391,0.005583539,0.0048987656,0.008599177,0.018205762,0.04094815
watermelon,img_91.jpeg,0.0008411989,0.00031130982,0.0003576751,0.0004901474,0.00066236133,0.0012386157,0.0016492797,0.002430866,0.0035833747,0.0051399237,0.007312469,0.009557874,0.011803279,0.014068554,0.014658056,0.014989236,0.015161451,0.017711543,0.020155655,0.018261302,0.015148203,0.010478556,0.007935088,0.008385494,0.0111078,0.012187448,0.010677264,0.009425402,0.011743667,0.01580394,0.020791521,0.03926478,0.019778108,0.008306011,0.005835403,0.0047292598,0.005020699,0.005411492,0.0059148865,0.006749462,0.007842358,0.009220069,0.010922338,0.012584865,0.014585196,0.01750621,0.01963239,0.018599106,0.018334161,0.019380692,0.01955953,0.020572942,0.019122371,0.018261302,0.011664183,0.0060738535,0.004047028,0.003272065,0.0037622123,0.0047027655,0.0054512336,0.004086769,0.002159298,0.0002450737,0.0090346085,0.0046895184,0.004629906,0.0057294252,0.0072859745,0.008955125,0.009359165,0.008968372,0.009756582,0.010299719,0.011737042,0.013128001,0.013598278,0.01523431,0.017062427,0.018645471,0.01950654,0.019685378,0.019619143,0.018751448,0.019056136,0.017307501,0.015128332,0.011160788,0.007703262,0.0055572116,0.004914721,0.0033979136,0.0023050173,0.00087431696,0.00023845007,1.3247226e-05
